email,username,image_url,password,bio,header_image_url,location
ronald38@yahoo.com,tuckerdiane,https://randomuser.me/api/portraits/men/80.jpg,$2b$12$Q1PUFjhN/AWRQ21LbGYvjeLpZZB6lfZ1BPwifHALGO6oIbyC3CmJe,Movement later fund employee site turn.,/static/images/warbler-hero.jpg,Garrettburgh
richard65@martin.net,edward88,https://randomuser.me/api/portraits/lego/5.jpg,$2b$12$Q1PUFjhN/AWRQ21LbGYvjeLpZZB6lfZ1BPwifHALGO6oIbyC3CmJe,Decision professional real each citizen level.,/static/images/warbler-hero.jpg,South Aprilmouth
helen38@hotmail.com,joanna15,https://randomuser.me/api/portraits/women/6.jpg,$2b$12$Q1PUFjhN/AWRQ21LbGYvjeLpZZB6lfZ1BPwifHALGO6oIbyC3CmJe,Maybe key community young ahead.,/static/images/warbler-hero.jpg,South Kellymouth
mcdonaldjohn@parks-miller.com,kwilliams,https://randomuser.me/api/portraits/lego/3.jpg,$2b$12$Q1PUFjhN/AWRQ21LbGYvjeLpZZB6lfZ1BPwifHALGO6oIbyC3CmJe,Hotel together show gas seven.,/static/images/warbler-hero.jpg,New Harry
ljohnson@grimes-stevens.net,palmermichael,https://randomuser.me/api/portraits/women/97.jpg,$2b$12$Q1PUFjhN/AWRQ21LbGYvjeLpZZB6lfZ1BPwifHALGO6oIbyC3CmJe,Cell itself institution couple should.,/static/images/warbler-hero.jpg,New Candiceburgh
angelicaparker@nguyen.com,becklinda,https://randomuser.me/api/portraits/lego/5.jpg,$2b$12$Q1PUFjhN/AWRQ21LbGYvjeLpZZB6lfZ1BPwifHALGO6oIbyC3CmJe,Concern phone sport whatever professor material.,/static/images/warbler-hero.jpg,Jessicaton
laura85@barrett-hunter.com,pattersonangela,https://randomuser.me/api/portraits/men/50.jpg,$2b$12$Q1PUFjhN/AWRQ21LbGYvjeLpZZB6lfZ1BPwifHALGO6oIbyC3CmJe,Experience at Republican party large option project.,/static/images/warbler-hero.jpg,Heatherside
murphyjohn@hernandez-beard.info,crawfordshawn,https://randomuser.me/api/portraits/men/17.jpg,$2b$12$Q1PUFjhN/AWRQ21LbGYvjeLpZZB6lfZ1BPwifHALGO6oIbyC3CmJe,Resource source beyond beautiful product add mention.,/static/images/warbler-hero.jpg,Lake Lindaburgh
bgray@hotmail.com,psampson,https://randomuser.me/api/portraits/men/74.jpg,$2b$12$Q1PUFjhN/AWRQ21LbGYvjeLpZZB6lfZ1BPwifHALGO6oIbyC3CmJe,Figure seat everybody agency.,/static/images/warbler-hero.jpg,Robertsstad
tatemallory@sanford-armstrong.com,wrightgeorge,https://randomuser.me/api/portraits/women/52.jpg,$2b$12$Q1PUFjhN/AWRQ21LbGYvjeLpZZB6lfZ1BPwifHALGO6oIbyC3CmJe,Often beyond enough why.,/static/images/warbler-hero.jpg,East Michellemouth
lauraconner@hotmail.com,webbmark,https://randomuser.me/api/portraits/women/7.jpg,$2b$12$Q1PUFjhN/AWRQ21LbGYvjeLpZZB6lfZ1BPwifHALGO6oIbyC3CmJe,Spring language his several drop.,/static/images/warbler-hero.jpg,Rhondafort
bookerricky@gmail.com,veronicahaynes,https://randomuser.me/api/portraits/women/61.jpg,$2b$12$Q1PUFjhN/AWRQ21LbGYvjeLpZZB6lfZ1BPwifHALGO6oIbyC3CmJe,Term left view.,/static/images/warbler-hero.jpg,Port William
murphytimothy@yahoo.com,stacymartin,https://randomuser.me/api/portraits/men/44.jpg,$2b$12$Q1PUFjhN/AWRQ21LbGYvjeLpZZB6lfZ1BPwifHALGO6oIbyC3CmJe,Arrive indicate finally.,/static/images/warbler-hero.jpg,Wandaberg
timothyritter@gmail.com,mendozabrian,https://randomuser.me/api/portraits/men/56.jpg,$2b$12$Q1PUFjhN/AWRQ21LbGYvjeLpZZB6lfZ1BPwifHALGO6oIbyC3CmJe,Result team myself western past movie enough.,/static/images/warbler-hero.jpg,Petersberg
christophersims@castaneda-soto.com,wjefferson,https://randomuser.me/api/portraits/men/12.jpg,$2b$12$Q1PUFjhN/AWRQ21LbGYvjeLpZZB6lfZ1BPwifHALGO6oIbyC3CmJe,Start decision go lay.,/static/images/warbler-hero.jpg,North Katherinechester
gcherry@mclaughlin.com,kingdonna,https://randomuser.me/api/portraits/women/31.jpg,$2b$12$Q1PUFjhN/AWRQ21LbGYvjeLpZZB6lfZ1BPwifHALGO6oIbyC3CmJe,View beat service history field.,/static/images/warbler-hero.jpg,Lake Roberttown
brian35@lopez.com,andersontroy,https://randomuser.me/api/portraits/men/58.jpg,$2b$12$Q1PUFjhN/AWRQ21LbGYvjeLpZZB6lfZ1BPwifHALGO6oIbyC3CmJe,Ever late future.,/static/images/warbler-hero.jpg,Chenstad
terrydestiny@ramos.net,zwilkins,https://randomuser.me/api/portraits/women/34.jpg,$2b$12$Q1PUFjhN/AWRQ21LbGYvjeLpZZB6lfZ1BPwifHALGO6oIbyC3CmJe,Role letter site chair pretty coach.,/static/images/warbler-hero.jpg,East Charlesberg
scottlori@hotmail.com,ashley13,https://randomuser.me/api/portraits/men/48.jpg,$2b$12$Q1PUFjhN/AWRQ21LbGYvjeLpZZB6lfZ1BPwifHALGO6oIbyC3CmJe,Form nearly win hit tend society agree.,/static/images/warbler-hero.jpg,West Travisfort
hjones@murphy-jacobs.net,tiffanywilson,https://randomuser.me/api/portraits/lego/6.jpg,$2b$12$Q1PUFjhN/AWRQ21LbGYvjeLpZZB6lfZ1BPwifHALGO6oIbyC3CmJe,Region citizen pressure trip.,/static/images/warbler-hero.jpg,New Jared
lthomas@gmail.com,qsmith,https://randomuser.me/api/portraits/men/41.jpg,$2b$12$Q1PUFjhN/AWRQ21LbGYvjeLpZZB6lfZ1BPwifHALGO6oIbyC3CmJe,Company space end.,/static/images/warbler-hero.jpg,Joseburgh
larsondavid@yahoo.com,sanchezangela,https://randomuser.me/api/portraits/men/39.jpg,$2b$12$Q1PUFjhN/AWRQ21LbGYvjeLpZZB6lfZ1BPwifHALGO6oIbyC3CmJe,Country cover commercial billion.,/static/images/warbler-hero.jpg,Hamiltonbury
karen78@miller-tyler.com,liulauren,https://randomuser.me/api/portraits/men/90.jpg,$2b$12$Q1PUFjhN/AWRQ21LbGYvjeLpZZB6lfZ1BPwifHALGO6oIbyC3CmJe,Wall yes between main.,/static/images/warbler-hero.jpg,Cardenasburgh
zbowman@hotmail.com,omartinez,https://randomuser.me/api/portraits/women/12.jpg,$2b$12$Q1PUFjhN/AWRQ21LbGYvjeLpZZB6lfZ1BPwifHALGO6oIbyC3CmJe,Street human expert culture.,/static/images/warbler-hero.jpg,Heatherbury
adam18@rodriguez.net,bhill,https://randomuser.me/api/portraits/men/38.jpg,$2b$12$Q1PUFjhN/AWRQ21LbGYvjeLpZZB6lfZ1BPwifHALGO6oIbyC3CmJe,Drug leave blood world because theory phone event.,/static/images/warbler-hero.jpg,East Andrew
bpoole@hanna-adams.com,thomas50,https://randomuser.me/api/portraits/men/67.jpg,$2b$12$Q1PUFjhN/AWRQ21LbGYvjeLpZZB6lfZ1BPwifHALGO6oIbyC3CmJe,Theory notice guess behind weight.,/static/images/warbler-hero.jpg,Waltersborough
randy24@house.com,gomezrobert,https://randomuser.me/api/portraits/women/58.jpg,$2b$12$Q1PUFjhN/AWRQ21LbGYvjeLpZZB6lfZ1BPwifHALGO6oIbyC3CmJe,Book shoulder similar.,/static/images/warbler-hero.jpg,Emilymouth
marylee@walker-garcia.com,nicholastate,https://randomuser.me/api/portraits/women/26.jpg,$2b$12$Q1PUFjhN/AWRQ21LbGYvjeLpZZB6lfZ1BPwifHALGO6oIbyC3CmJe,Late international management bag firm rather particularly.,/static/images/warbler-hero.jpg,North Aaron
bryantrachel@yahoo.com,carneylori,https://randomuser.me/api/portraits/women/33.jpg,$2b$12$Q1PUFjhN/AWRQ21LbGYvjeLpZZB6lfZ1BPwifHALGO6oIbyC3CmJe,Wall bank yes themselves radio him.,/static/images/warbler-hero.jpg,Cochranbury
petersonbrendan@brown.org,jamie01,https://randomuser.me/api/portraits/women/53.jpg,$2b$12$Q1PUFjhN/AWRQ21LbGYvjeLpZZB6lfZ1BPwifHALGO6oIbyC3CmJe,Trade put drop yard.,/static/images/warbler-hero.jpg,Adamborough
kimberlykim@jones.info,qwilson,https://randomuser.me/api/portraits/men/47.jpg,$2b$12$Q1PUFjhN/AWRQ21LbGYvjeLpZZB6lfZ1BPwifHALGO6oIbyC3CmJe,Shake western professor American.,/static/images/warbler-hero.jpg,South Theresa
smithallen@hooper-cruz.com,rebeccarubio,https://randomuser.me/api/portraits/women/80.jpg,$2b$12$Q1PUFjhN/AWRQ21LbGYvjeLpZZB6lfZ1BPwifHALGO6oIbyC3CmJe,Important work evening manage manage age and carry.,/static/images/warbler-hero.jpg,East Maryburgh
dmoon@gmail.com,barryjodi,https://randomuser.me/api/portraits/lego/2.jpg,$2b$12$Q1PUFjhN/AWRQ21LbGYvjeLpZZB6lfZ1BPwifHALGO6oIbyC3CmJe,Point many box in trade develop ever agree.,/static/images/warbler-hero.jpg,New Oscarmouth
rcampos@french.com,elizabethhale,https://randomuser.me/api/portraits/women/90.jpg,$2b$12$Q1PUFjhN/AWRQ21LbGYvjeLpZZB6lfZ1BPwifHALGO6oIbyC3CmJe,Movie manage various technology report development when.,/static/images/warbler-hero.jpg,North Renee
jonathansanders@yahoo.com,gclark,https://randomuser.me/api/portraits/women/60.jpg,$2b$12$Q1PUFjhN/AWRQ21LbGYvjeLpZZB6lfZ1BPwifHALGO6oIbyC3CmJe,According sound piece soon himself single back.,/static/images/warbler-hero.jpg,Bettyshire
hevans@gmail.com,nicholasmorgan,https://randomuser.me/api/portraits/men/7.jpg,$2b$12$Q1PUFjhN/AWRQ21LbGYvjeLpZZB6lfZ1BPwifHALGO6oIbyC3CmJe,Protect away central provide result.,/static/images/warbler-hero.jpg,Robinchester
iprince@russell-fletcher.biz,fwilliams,https://randomuser.me/api/portraits/women/38.jpg,$2b$12$Q1PUFjhN/AWRQ21LbGYvjeLpZZB6lfZ1BPwifHALGO6oIbyC3CmJe,Personal number partner.,/static/images/warbler-hero.jpg,Lake Emily
qmurray@hernandez.com,melissarandolph,https://randomuser.me/api/portraits/women/51.jpg,$2b$12$Q1PUFjhN/AWRQ21LbGYvjeLpZZB6lfZ1BPwifHALGO6oIbyC3CmJe,Third generation give skill without response safe.,/static/images/warbler-hero.jpg,Christopherfort
jmiles@yahoo.com,amanda84,https://randomuser.me/api/portraits/women/89.jpg,$2b$12$Q1PUFjhN/AWRQ21LbGYvjeLpZZB6lfZ1BPwifHALGO6oIbyC3CmJe,Out surface push interview federal.,/static/images/warbler-hero.jpg,Longburgh
anthony01@cook.org,steven86,https://randomuser.me/api/portraits/men/96.jpg,$2b$12$Q1PUFjhN/AWRQ21LbGYvjeLpZZB6lfZ1BPwifHALGO6oIbyC3CmJe,Record what save plan add keep.,/static/images/warbler-hero.jpg,Tashaberg
kkane@booth-flynn.com,brenda17,https://randomuser.me/api/portraits/men/61.jpg,$2b$12$Q1PUFjhN/AWRQ21LbGYvjeLpZZB6lfZ1BPwifHALGO6oIbyC3CmJe,Might north station step own wear stay.,/static/images/warbler-hero.jpg,Seanfurt
myerspaul@morton.net,brendaaustin,https://randomuser.me/api/portraits/men/89.jpg,$2b$12$Q1PUFjhN/AWRQ21LbGYvjeLpZZB6lfZ1BPwifHALGO6oIbyC3CmJe,Total behavior attention.,/static/images/warbler-hero.jpg,Acostaborough
james97@yahoo.com,kimberly43,https://randomuser.me/api/portraits/women/56.jpg,$2b$12$Q1PUFjhN/AWRQ21LbGYvjeLpZZB6lfZ1BPwifHALGO6oIbyC3CmJe,Begin money me young science.,/static/images/warbler-hero.jpg,East Gregorymouth
curtis28@gmail.com,hernandezdawn,https://randomuser.me/api/portraits/men/81.jpg,$2b$12$Q1PUFjhN/AWRQ21LbGYvjeLpZZB6lfZ1BPwifHALGO6oIbyC3CmJe,Treatment better little cover fact commercial.,/static/images/warbler-hero.jpg,Dianeside
meverett@hotmail.com,zodom,https://randomuser.me/api/portraits/men/38.jpg,$2b$12$Q1PUFjhN/AWRQ21LbGYvjeLpZZB6lfZ1BPwifHALGO6oIbyC3CmJe,College scientist season member though outside develop.,/static/images/warbler-hero.jpg,Bradleychester
tscott@hotmail.com,rubenwilliams,https://randomuser.me/api/portraits/men/87.jpg,$2b$12$Q1PUFjhN/AWRQ21LbGYvjeLpZZB6lfZ1BPwifHALGO6oIbyC3CmJe,Product seven power.,/static/images/warbler-hero.jpg,Lake Michealhaven
bruceandrew@hughes-scott.com,melvin12,https://randomuser.me/api/portraits/men/37.jpg,$2b$12$Q1PUFjhN/AWRQ21LbGYvjeLpZZB6lfZ1BPwifHALGO6oIbyC3CmJe,Health actually receive someone upon scene.,/static/images/warbler-hero.jpg,Fosterstad
melissa17@wright.com,michaelhays,https://randomuser.me/api/portraits/women/97.jpg,$2b$12$Q1PUFjhN/AWRQ21LbGYvjeLpZZB6lfZ1BPwifHALGO6oIbyC3CmJe,Particular here for professor someone.,/static/images/warbler-hero.jpg,Kendraville
wongjames@jenkins-black.info,nicolehughes,https://randomuser.me/api/portraits/men/46.jpg,$2b$12$Q1PUFjhN/AWRQ21LbGYvjeLpZZB6lfZ1BPwifHALGO6oIbyC3CmJe,By herself anything gun law.,/static/images/warbler-hero.jpg,Claireville
tiffanystevenson@trujillo.net,lorithomas,https://randomuser.me/api/portraits/men/90.jpg,$2b$12$Q1PUFjhN/AWRQ21LbGYvjeLpZZB6lfZ1BPwifHALGO6oIbyC3CmJe,Put will soon both beyond glass.,/static/images/warbler-hero.jpg,Brianberg
turnermarvin@ponce.com,michaellee,https://randomuser.me/api/portraits/men/66.jpg,$2b$12$Q1PUFjhN/AWRQ21LbGYvjeLpZZB6lfZ1BPwifHALGO6oIbyC3CmJe,Involve even tell.,/static/images/warbler-hero.jpg,New Lisa
jeffreywatson@diaz-sandoval.com,carl05,https://randomuser.me/api/portraits/women/54.jpg,$2b$12$Q1PUFjhN/AWRQ21LbGYvjeLpZZB6lfZ1BPwifHALGO6oIbyC3CmJe,Much society bar face.,/static/images/warbler-hero.jpg,Jacobburgh
tina14@gmail.com,michael86,https://randomuser.me/api/portraits/men/78.jpg,$2b$12$Q1PUFjhN/AWRQ21LbGYvjeLpZZB6lfZ1BPwifHALGO6oIbyC3CmJe,Before forget analysis relationship than former easy economic.,/static/images/warbler-hero.jpg,Graymouth
katherineyoung@hotmail.com,eedwards,https://randomuser.me/api/portraits/women/19.jpg,$2b$12$Q1PUFjhN/AWRQ21LbGYvjeLpZZB6lfZ1BPwifHALGO6oIbyC3CmJe,Inside early statement sit sense include current.,/static/images/warbler-hero.jpg,Hendersonland
gregory72@keller.com,sylvia55,https://randomuser.me/api/portraits/men/71.jpg,$2b$12$Q1PUFjhN/AWRQ21LbGYvjeLpZZB6lfZ1BPwifHALGO6oIbyC3CmJe,Beyond feel similar source change next family analysis.,/static/images/warbler-hero.jpg,Lake Angelaview
wlee@jones.biz,afisher,https://randomuser.me/api/portraits/men/7.jpg,$2b$12$Q1PUFjhN/AWRQ21LbGYvjeLpZZB6lfZ1BPwifHALGO6oIbyC3CmJe,Water approach charge new most.,/static/images/warbler-hero.jpg,West Krista
nathan58@smith-liu.net,aprilcolon,https://randomuser.me/api/portraits/women/65.jpg,$2b$12$Q1PUFjhN/AWRQ21LbGYvjeLpZZB6lfZ1BPwifHALGO6oIbyC3CmJe,Find mean pretty citizen discuss significant.,/static/images/warbler-hero.jpg,Port Juan
brandi93@hotmail.com,nathanortiz,https://randomuser.me/api/portraits/women/52.jpg,$2b$12$Q1PUFjhN/AWRQ21LbGYvjeLpZZB6lfZ1BPwifHALGO6oIbyC3CmJe,Marriage box identify.,/static/images/warbler-hero.jpg,Port Douglasmouth
shanealvarez@floyd.com,brian15,https://randomuser.me/api/portraits/women/34.jpg,$2b$12$Q1PUFjhN/AWRQ21LbGYvjeLpZZB6lfZ1BPwifHALGO6oIbyC3CmJe,Real recognize friend today.,/static/images/warbler-hero.jpg,Lake Charlesshire
hendersondiana@yahoo.com,yhogan,https://randomuser.me/api/portraits/men/85.jpg,$2b$12$Q1PUFjhN/AWRQ21LbGYvjeLpZZB6lfZ1BPwifHALGO6oIbyC3CmJe,Land whole difficult five happy painting particularly.,/static/images/warbler-hero.jpg,New Amandaborough
melissakane@hotmail.com,philip65,https://randomuser.me/api/portraits/men/43.jpg,$2b$12$Q1PUFjhN/AWRQ21LbGYvjeLpZZB6lfZ1BPwifHALGO6oIbyC3CmJe,Career smile tough now deep rule.,/static/images/warbler-hero.jpg,West Michael
michael98@guerrero.com,lynchnicole,https://randomuser.me/api/portraits/men/74.jpg,$2b$12$Q1PUFjhN/AWRQ21LbGYvjeLpZZB6lfZ1BPwifHALGO6oIbyC3CmJe,Relationship threat line character town hospital.,/static/images/warbler-hero.jpg,South Edgar
rebecca22@gmail.com,amandataylor,https://randomuser.me/api/portraits/men/7.jpg,$2b$12$Q1PUFjhN/AWRQ21LbGYvjeLpZZB6lfZ1BPwifHALGO6oIbyC3CmJe,Huge suddenly end mind seek away.,/static/images/warbler-hero.jpg,Port Courtney
timothy94@bailey.com,baileycrystal,https://randomuser.me/api/portraits/men/69.jpg,$2b$12$Q1PUFjhN/AWRQ21LbGYvjeLpZZB6lfZ1BPwifHALGO6oIbyC3CmJe,Heart water able issue bed both executive pretty.,/static/images/warbler-hero.jpg,West Vanessachester
haysrachel@lopez-hartman.com,pricematthew,https://randomuser.me/api/portraits/women/57.jpg,$2b$12$Q1PUFjhN/AWRQ21LbGYvjeLpZZB6lfZ1BPwifHALGO6oIbyC3CmJe,Watch camera list majority.,/static/images/warbler-hero.jpg,Port Jessicaport
dennis41@scott.com,ashley40,https://randomuser.me/api/portraits/women/51.jpg,$2b$12$Q1PUFjhN/AWRQ21LbGYvjeLpZZB6lfZ1BPwifHALGO6oIbyC3CmJe,Benefit better major citizen.,/static/images/warbler-hero.jpg,Port Shannonville
evansheidi@combs-oneal.com,imarquez,https://randomuser.me/api/portraits/women/71.jpg,$2b$12$Q1PUFjhN/AWRQ21LbGYvjeLpZZB6lfZ1BPwifHALGO6oIbyC3CmJe,Participant democratic source call though.,/static/images/warbler-hero.jpg,Gregorymouth
barrettpatrick@gomez.org,krista81,https://randomuser.me/api/portraits/men/48.jpg,$2b$12$Q1PUFjhN/AWRQ21LbGYvjeLpZZB6lfZ1BPwifHALGO6oIbyC3CmJe,Go measure movie front leave total age.,/static/images/warbler-hero.jpg,Walterbury
fcooper@herman-williams.com,contreraskelly,https://randomuser.me/api/portraits/women/95.jpg,$2b$12$Q1PUFjhN/AWRQ21LbGYvjeLpZZB6lfZ1BPwifHALGO6oIbyC3CmJe,Medical toward improve stand light human.,/static/images/warbler-hero.jpg,Fowlerstad
reyesmatthew@graham-ali.org,sherrywilson,https://randomuser.me/api/portraits/men/12.jpg,$2b$12$Q1PUFjhN/AWRQ21LbGYvjeLpZZB6lfZ1BPwifHALGO6oIbyC3CmJe,Artist entire there what much her.,/static/images/warbler-hero.jpg,Port Keith
franklindaniel@sims.com,hollanddestiny,https://randomuser.me/api/portraits/men/17.jpg,$2b$12$Q1PUFjhN/AWRQ21LbGYvjeLpZZB6lfZ1BPwifHALGO6oIbyC3CmJe,Candidate recognize watch.,/static/images/warbler-hero.jpg,North Scott
cathymarsh@yahoo.com,tami80,https://randomuser.me/api/portraits/men/10.jpg,$2b$12$Q1PUFjhN/AWRQ21LbGYvjeLpZZB6lfZ1BPwifHALGO6oIbyC3CmJe,Social hand performance arm.,/static/images/warbler-hero.jpg,Lynnport
clarkmartin@yahoo.com,zyoung,https://randomuser.me/api/portraits/women/4.jpg,$2b$12$Q1PUFjhN/AWRQ21LbGYvjeLpZZB6lfZ1BPwifHALGO6oIbyC3CmJe,Certain simply require begin plant.,/static/images/warbler-hero.jpg,West Deborah
jackdaniels@burnett-stevens.com,kennethgriffith,https://randomuser.me/api/portraits/men/93.jpg,$2b$12$Q1PUFjhN/AWRQ21LbGYvjeLpZZB6lfZ1BPwifHALGO6oIbyC3CmJe,Stand investment bed food writer.,/static/images/warbler-hero.jpg,Townsendview
baileyroger@harris.net,blackbeth,https://randomuser.me/api/portraits/women/53.jpg,$2b$12$Q1PUFjhN/AWRQ21LbGYvjeLpZZB6lfZ1BPwifHALGO6oIbyC3CmJe,Writer next stop world deal allow.,/static/images/warbler-hero.jpg,West Joseph
margaretmccoy@hotmail.com,zperez,https://randomuser.me/api/portraits/men/18.jpg,$2b$12$Q1PUFjhN/AWRQ21LbGYvjeLpZZB6lfZ1BPwifHALGO6oIbyC3CmJe,Lot have large foreign even.,/static/images/warbler-hero.jpg,Tinaport
kevin72@johnson.com,ylong,https://randomuser.me/api/portraits/women/19.jpg,$2b$12$Q1PUFjhN/AWRQ21LbGYvjeLpZZB6lfZ1BPwifHALGO6oIbyC3CmJe,Collection contain rich summer.,/static/images/warbler-hero.jpg,West Sandra
jgarrison@yahoo.com,andreaanderson,https://randomuser.me/api/portraits/men/99.jpg,$2b$12$Q1PUFjhN/AWRQ21LbGYvjeLpZZB6lfZ1BPwifHALGO6oIbyC3CmJe,Still thing myself coach quality customer difficult.,/static/images/warbler-hero.jpg,Harrisville
williamlove@gmail.com,hstephenson,https://randomuser.me/api/portraits/women/98.jpg,$2b$12$Q1PUFjhN/AWRQ21LbGYvjeLpZZB6lfZ1BPwifHALGO6oIbyC3CmJe,Allow lose trouble next able charge debate.,/static/images/warbler-hero.jpg,North Philipview
mary00@yahoo.com,mooreryan,https://randomuser.me/api/portraits/women/28.jpg,$2b$12$Q1PUFjhN/AWRQ21LbGYvjeLpZZB6lfZ1BPwifHALGO6oIbyC3CmJe,Game rest general believe worry radio.,/static/images/warbler-hero.jpg,Donnamouth
johnmorse@love.com,jessica34,https://randomuser.me/api/portraits/women/55.jpg,$2b$12$Q1PUFjhN/AWRQ21LbGYvjeLpZZB6lfZ1BPwifHALGO6oIbyC3CmJe,Worry more prove character know explain.,/static/images/warbler-hero.jpg,West Jenna
hilladriana@gmail.com,gardnerpatrick,https://randomuser.me/api/portraits/men/46.jpg,$2b$12$Q1PUFjhN/AWRQ21LbGYvjeLpZZB6lfZ1BPwifHALGO6oIbyC3CmJe,Technology newspaper attack list like thank lay.,/static/images/warbler-hero.jpg,Lambertville
michellechase@gmail.com,sdecker,https://randomuser.me/api/portraits/men/10.jpg,$2b$12$Q1PUFjhN/AWRQ21LbGYvjeLpZZB6lfZ1BPwifHALGO6oIbyC3CmJe,Open mind could democratic ten believe.,/static/images/warbler-hero.jpg,Clementsburgh
willisbarry@yahoo.com,devin29,https://randomuser.me/api/portraits/men/72.jpg,$2b$12$Q1PUFjhN/AWRQ21LbGYvjeLpZZB6lfZ1BPwifHALGO6oIbyC3CmJe,Enjoy begin particularly write there.,/static/images/warbler-hero.jpg,Connermouth
bergpaige@hall.com,dshelton,https://randomuser.me/api/portraits/men/48.jpg,$2b$12$Q1PUFjhN/AWRQ21LbGYvjeLpZZB6lfZ1BPwifHALGO6oIbyC3CmJe,War high safe policy half chair trade.,/static/images/warbler-hero.jpg,South Michael
kristin47@jones.com,reneemason,https://randomuser.me/api/portraits/women/48.jpg,$2b$12$Q1PUFjhN/AWRQ21LbGYvjeLpZZB6lfZ1BPwifHALGO6oIbyC3CmJe,Produce sit gas create black old consider.,/static/images/warbler-hero.jpg,Maryshire
dwilson@martin.org,michaeladams,https://randomuser.me/api/portraits/lego/9.jpg,$2b$12$Q1PUFjhN/AWRQ21LbGYvjeLpZZB6lfZ1BPwifHALGO6oIbyC3CmJe,Rich close eight yeah however according opportunity.,/static/images/warbler-hero.jpg,Melaniefort
jennifer38@gmail.com,williamsgina,https://randomuser.me/api/portraits/men/33.jpg,$2b$12$Q1PUFjhN/AWRQ21LbGYvjeLpZZB6lfZ1BPwifHALGO6oIbyC3CmJe,Teacher create bag want treatment.,/static/images/warbler-hero.jpg,North Barbara
georgecarrie@hotmail.com,melaniejones,https://randomuser.me/api/portraits/women/58.jpg,$2b$12$Q1PUFjhN/AWRQ21LbGYvjeLpZZB6lfZ1BPwifHALGO6oIbyC3CmJe,Listen media military sit.,/static/images/warbler-hero.jpg,Allisonstad
ericaortiz@gmail.com,rasmussenjenna,https://randomuser.me/api/portraits/lego/3.jpg,$2b$12$Q1PUFjhN/AWRQ21LbGYvjeLpZZB6lfZ1BPwifHALGO6oIbyC3CmJe,Color sport game television beautiful tend.,/static/images/warbler-hero.jpg,Rodneybury
davidmacdonald@yahoo.com,williamslaura,https://randomuser.me/api/portraits/men/75.jpg,$2b$12$Q1PUFjhN/AWRQ21LbGYvjeLpZZB6lfZ1BPwifHALGO6oIbyC3CmJe,Impact bring sure these executive.,/static/images/warbler-hero.jpg,Williamsfort
xespinoza@yahoo.com,mackenzie73,https://randomuser.me/api/portraits/men/2.jpg,$2b$12$Q1PUFjhN/AWRQ21LbGYvjeLpZZB6lfZ1BPwifHALGO6oIbyC3CmJe,Whether all institution air Democrat have.,/static/images/warbler-hero.jpg,Port Jennifer
fproctor@hotmail.com,elizabeth99,https://randomuser.me/api/portraits/men/12.jpg,$2b$12$Q1PUFjhN/AWRQ21LbGYvjeLpZZB6lfZ1BPwifHALGO6oIbyC3CmJe,Hot far upon whether impact seat important.,/static/images/warbler-hero.jpg,Longborough
gwilliams@black.biz,benjamin66,https://randomuser.me/api/portraits/women/69.jpg,$2b$12$Q1PUFjhN/AWRQ21LbGYvjeLpZZB6lfZ1BPwifHALGO6oIbyC3CmJe,Purpose charge imagine what city value.,/static/images/warbler-hero.jpg,South Jasonfurt
singletonkimberly@hotmail.com,hancockbrandi,https://randomuser.me/api/portraits/women/51.jpg,$2b$12$Q1PUFjhN/AWRQ21LbGYvjeLpZZB6lfZ1BPwifHALGO6oIbyC3CmJe,Teacher man too before test.,/static/images/warbler-hero.jpg,Villanuevahaven
chelsea22@yahoo.com,kleinjeremy,https://randomuser.me/api/portraits/men/22.jpg,$2b$12$Q1PUFjhN/AWRQ21LbGYvjeLpZZB6lfZ1BPwifHALGO6oIbyC3CmJe,Fact play grow up condition.,/static/images/warbler-hero.jpg,Johnside
gardnermaria@johnson.org,kristen84,https://randomuser.me/api/portraits/women/57.jpg,$2b$12$Q1PUFjhN/AWRQ21LbGYvjeLpZZB6lfZ1BPwifHALGO6oIbyC3CmJe,Young magazine woman other product hospital lead.,/static/images/warbler-hero.jpg,New Michaelside
smithmichelle@benton.com,louisbrady,https://randomuser.me/api/portraits/men/55.jpg,$2b$12$Q1PUFjhN/AWRQ21LbGYvjeLpZZB6lfZ1BPwifHALGO6oIbyC3CmJe,Turn born deep ahead way suddenly although Mrs.,/static/images/warbler-hero.jpg,Davidhaven
allenrussell@murray.com,gomezcindy,https://randomuser.me/api/portraits/women/33.jpg,$2b$12$Q1PUFjhN/AWRQ21LbGYvjeLpZZB6lfZ1BPwifHALGO6oIbyC3CmJe,During language leave like institution religious.,/static/images/warbler-hero.jpg,Thompsonhaven
cbradshaw@gonzales.info,hortonmallory,https://randomuser.me/api/portraits/women/61.jpg,$2b$12$Q1PUFjhN/AWRQ21LbGYvjeLpZZB6lfZ1BPwifHALGO6oIbyC3CmJe,Back market mission.,/static/images/warbler-hero.jpg,Lake William
yjohnson@williams.org,joshuamckay,https://randomuser.me/api/portraits/women/98.jpg,$2b$12$Q1PUFjhN/AWRQ21LbGYvjeLpZZB6lfZ1BPwifHALGO6oIbyC3CmJe,Should like lot between.,/static/images/warbler-hero.jpg,Desireestad
ymorgan@leon-hurst.org,jdavis,https://randomuser.me/api/portraits/lego/2.jpg,$2b$12$Q1PUFjhN/AWRQ21LbGYvjeLpZZB6lfZ1BPwifHALGO6oIbyC3CmJe,Friend smile study child kitchen station agency.,/static/images/warbler-hero.jpg,Nicholasside
james51@gmail.com,michaeladriana,https://randomuser.me/api/portraits/women/46.jpg,$2b$12$Q1PUFjhN/AWRQ21LbGYvjeLpZZB6lfZ1BPwifHALGO6oIbyC3CmJe,Interview time difficult special when goal.,/static/images/warbler-hero.jpg,West Anthonyport
tammy50@gmail.com,hannahgregory,https://randomuser.me/api/portraits/women/49.jpg,$2b$12$Q1PUFjhN/AWRQ21LbGYvjeLpZZB6lfZ1BPwifHALGO6oIbyC3CmJe,Edge leave effect mind amount peace themselves.,/static/images/warbler-hero.jpg,Adrianmouth
harrisnicole@gmail.com,wheelerdebra,https://randomuser.me/api/portraits/women/64.jpg,$2b$12$Q1PUFjhN/AWRQ21LbGYvjeLpZZB6lfZ1BPwifHALGO6oIbyC3CmJe,Red often course table.,/static/images/warbler-hero.jpg,Lake Francisco
ryanlandry@jackson.com,wesleyolsen,https://randomuser.me/api/portraits/women/45.jpg,$2b$12$Q1PUFjhN/AWRQ21LbGYvjeLpZZB6lfZ1BPwifHALGO6oIbyC3CmJe,Consider full garden citizen since our computer maybe.,/static/images/warbler-hero.jpg,West Jeffreyville
diana65@hotmail.com,heatherross,https://randomuser.me/api/portraits/women/60.jpg,$2b$12$Q1PUFjhN/AWRQ21LbGYvjeLpZZB6lfZ1BPwifHALGO6oIbyC3CmJe,Cost civil nearly laugh skill laugh pretty remain.,/static/images/warbler-hero.jpg,North Raven
sparksmichelle@gmail.com,craig96,https://randomuser.me/api/portraits/men/47.jpg,$2b$12$Q1PUFjhN/AWRQ21LbGYvjeLpZZB6lfZ1BPwifHALGO6oIbyC3CmJe,Offer free two space seem something ability.,/static/images/warbler-hero.jpg,Port Theodorebury
lmyers@hotmail.com,kathycarroll,https://randomuser.me/api/portraits/men/42.jpg,$2b$12$Q1PUFjhN/AWRQ21LbGYvjeLpZZB6lfZ1BPwifHALGO6oIbyC3CmJe,Father bed forward.,/static/images/warbler-hero.jpg,North Timothybury
andersonsean@gmail.com,ekane,https://randomuser.me/api/portraits/women/65.jpg,$2b$12$Q1PUFjhN/AWRQ21LbGYvjeLpZZB6lfZ1BPwifHALGO6oIbyC3CmJe,Student message meeting drive almost certainly.,/static/images/warbler-hero.jpg,Carlport
harrisjames@jackson.com,pellis,https://randomuser.me/api/portraits/men/10.jpg,$2b$12$Q1PUFjhN/AWRQ21LbGYvjeLpZZB6lfZ1BPwifHALGO6oIbyC3CmJe,Total management office baby range.,/static/images/warbler-hero.jpg,South Carla
mwilson@grant-cardenas.org,kristinparker,https://randomuser.me/api/portraits/men/93.jpg,$2b$12$Q1PUFjhN/AWRQ21LbGYvjeLpZZB6lfZ1BPwifHALGO6oIbyC3CmJe,Pressure particularly brother listen ever right you.,/static/images/warbler-hero.jpg,Johnsonmouth
everettrobert@wilson-hutchinson.org,houstonstephanie,https://randomuser.me/api/portraits/women/62.jpg,$2b$12$Q1PUFjhN/AWRQ21LbGYvjeLpZZB6lfZ1BPwifHALGO6oIbyC3CmJe,Set as range trouble.,/static/images/warbler-hero.jpg,Lake Donna
perrychristine@gray.com,waltermichael,https://randomuser.me/api/portraits/women/19.jpg,$2b$12$Q1PUFjhN/AWRQ21LbGYvjeLpZZB6lfZ1BPwifHALGO6oIbyC3CmJe,Recognize offer after science range collection night.,/static/images/warbler-hero.jpg,Debbieburgh
floresabigail@gmail.com,bartonannette,https://randomuser.me/api/portraits/women/20.jpg,$2b$12$Q1PUFjhN/AWRQ21LbGYvjeLpZZB6lfZ1BPwifHALGO6oIbyC3CmJe,Tough century realize another program.,/static/images/warbler-hero.jpg,Lake Christopherchester
millerjennifer@powell-dillon.com,baileyashley,https://randomuser.me/api/portraits/women/95.jpg,$2b$12$Q1PUFjhN/AWRQ21LbGYvjeLpZZB6lfZ1BPwifHALGO6oIbyC3CmJe,Than less left method.,/static/images/warbler-hero.jpg,East Jameschester
vking@yahoo.com,stephaniegarcia,https://randomuser.me/api/portraits/men/66.jpg,$2b$12$Q1PUFjhN/AWRQ21LbGYvjeLpZZB6lfZ1BPwifHALGO6oIbyC3CmJe,Part economic public realize again TV.,/static/images/warbler-hero.jpg,West Kimberlychester
crosstrevor@ross-velez.com,ocastillo,https://randomuser.me/api/portraits/men/96.jpg,$2b$12$Q1PUFjhN/AWRQ21LbGYvjeLpZZB6lfZ1BPwifHALGO6oIbyC3CmJe,All cut sister.,/static/images/warbler-hero.jpg,Lanetown
alexanderpowers@gmail.com,gutierrezmatthew,https://randomuser.me/api/portraits/men/7.jpg,$2b$12$Q1PUFjhN/AWRQ21LbGYvjeLpZZB6lfZ1BPwifHALGO6oIbyC3CmJe,Say PM again series red.,/static/images/warbler-hero.jpg,Port Tiffany
ldavidson@yahoo.com,zhunt,https://randomuser.me/api/portraits/men/28.jpg,$2b$12$Q1PUFjhN/AWRQ21LbGYvjeLpZZB6lfZ1BPwifHALGO6oIbyC3CmJe,Cut a station number success charge pattern.,/static/images/warbler-hero.jpg,North Matthew
jessica78@taylor-coffey.com,terriryan,https://randomuser.me/api/portraits/women/60.jpg,$2b$12$Q1PUFjhN/AWRQ21LbGYvjeLpZZB6lfZ1BPwifHALGO6oIbyC3CmJe,Drug suffer give.,/static/images/warbler-hero.jpg,South Robertside
imcintyre@wright-walker.com,rayjennifer,https://randomuser.me/api/portraits/men/6.jpg,$2b$12$Q1PUFjhN/AWRQ21LbGYvjeLpZZB6lfZ1BPwifHALGO6oIbyC3CmJe,Whom everybody close bank eat business service.,/static/images/warbler-hero.jpg,South Stevenland
catherinemeyer@hartman.com,dennissanders,https://randomuser.me/api/portraits/men/60.jpg,$2b$12$Q1PUFjhN/AWRQ21LbGYvjeLpZZB6lfZ1BPwifHALGO6oIbyC3CmJe,Very head one man.,/static/images/warbler-hero.jpg,New Ryanberg
kevin55@daniel.com,mariah90,https://randomuser.me/api/portraits/men/48.jpg,$2b$12$Q1PUFjhN/AWRQ21LbGYvjeLpZZB6lfZ1BPwifHALGO6oIbyC3CmJe,Tree find a drop level.,/static/images/warbler-hero.jpg,North Nathanielshire
lindamalone@gmail.com,alexanderbuchanan,https://randomuser.me/api/portraits/men/77.jpg,$2b$12$Q1PUFjhN/AWRQ21LbGYvjeLpZZB6lfZ1BPwifHALGO6oIbyC3CmJe,Issue line race leg.,/static/images/warbler-hero.jpg,Wongview
jeffrey90@mayo.biz,tanyamathis,https://randomuser.me/api/portraits/women/53.jpg,$2b$12$Q1PUFjhN/AWRQ21LbGYvjeLpZZB6lfZ1BPwifHALGO6oIbyC3CmJe,Us usually already actually score.,/static/images/warbler-hero.jpg,West Kathryn
madisonrodriguez@hotmail.com,michael25,https://randomuser.me/api/portraits/women/33.jpg,$2b$12$Q1PUFjhN/AWRQ21LbGYvjeLpZZB6lfZ1BPwifHALGO6oIbyC3CmJe,South ago allow.,/static/images/warbler-hero.jpg,New Leonardville
ubell@barrett-henderson.com,kennethflynn,https://randomuser.me/api/portraits/men/66.jpg,$2b$12$Q1PUFjhN/AWRQ21LbGYvjeLpZZB6lfZ1BPwifHALGO6oIbyC3CmJe,Include item foreign occur do.,/static/images/warbler-hero.jpg,New Kimberly
crobinson@young.com,thompsonadam,https://randomuser.me/api/portraits/men/99.jpg,$2b$12$Q1PUFjhN/AWRQ21LbGYvjeLpZZB6lfZ1BPwifHALGO6oIbyC3CmJe,Recognize hair strong card enough attention.,/static/images/warbler-hero.jpg,Port Michelle
ayoung@howe-abbott.com,lisawiggins,https://randomuser.me/api/portraits/men/31.jpg,$2b$12$Q1PUFjhN/AWRQ21LbGYvjeLpZZB6lfZ1BPwifHALGO6oIbyC3CmJe,Manage fine soon radio its.,/static/images/warbler-hero.jpg,Josephtown
jturner@hotmail.com,lisa75,https://randomuser.me/api/portraits/men/67.jpg,$2b$12$Q1PUFjhN/AWRQ21LbGYvjeLpZZB6lfZ1BPwifHALGO6oIbyC3CmJe,Opportunity tree maybe like true street.,/static/images/warbler-hero.jpg,West Kim
april35@gmail.com,ronald58,https://randomuser.me/api/portraits/women/40.jpg,$2b$12$Q1PUFjhN/AWRQ21LbGYvjeLpZZB6lfZ1BPwifHALGO6oIbyC3CmJe,Image task bill she accept newspaper.,/static/images/warbler-hero.jpg,West Mary
hlyons@yahoo.com,catherine55,https://randomuser.me/api/portraits/women/51.jpg,$2b$12$Q1PUFjhN/AWRQ21LbGYvjeLpZZB6lfZ1BPwifHALGO6oIbyC3CmJe,Right military real according fly.,/static/images/warbler-hero.jpg,Lake Beverlyfort
jeffery88@hotmail.com,leonardmarc,https://randomuser.me/api/portraits/men/94.jpg,$2b$12$Q1PUFjhN/AWRQ21LbGYvjeLpZZB6lfZ1BPwifHALGO6oIbyC3CmJe,Daughter third news white.,/static/images/warbler-hero.jpg,Port Aprilshire
brianmcintyre@hotmail.com,susan35,https://randomuser.me/api/portraits/men/68.jpg,$2b$12$Q1PUFjhN/AWRQ21LbGYvjeLpZZB6lfZ1BPwifHALGO6oIbyC3CmJe,Expert rich throughout from seven.,/static/images/warbler-hero.jpg,West Davidshire
matthewnichols@brown.net,lwest,https://randomuser.me/api/portraits/women/88.jpg,$2b$12$Q1PUFjhN/AWRQ21LbGYvjeLpZZB6lfZ1BPwifHALGO6oIbyC3CmJe,Thought author some alone ahead great.,/static/images/warbler-hero.jpg,Lewisport
ylevine@poole.com,katie70,https://randomuser.me/api/portraits/women/9.jpg,$2b$12$Q1PUFjhN/AWRQ21LbGYvjeLpZZB6lfZ1BPwifHALGO6oIbyC3CmJe,Maybe poor send.,/static/images/warbler-hero.jpg,North Michelle
gregoryedwards@gmail.com,amandachavez,https://randomuser.me/api/portraits/women/39.jpg,$2b$12$Q1PUFjhN/AWRQ21LbGYvjeLpZZB6lfZ1BPwifHALGO6oIbyC3CmJe,Part people result huge environment.,/static/images/warbler-hero.jpg,Palmerburgh
ncalderon@jordan.com,melissa00,https://randomuser.me/api/portraits/women/38.jpg,$2b$12$Q1PUFjhN/AWRQ21LbGYvjeLpZZB6lfZ1BPwifHALGO6oIbyC3CmJe,Personal gas wall contain stage our.,/static/images/warbler-hero.jpg,East Garyborough
cevans@hotmail.com,jacobbrown,https://randomuser.me/api/portraits/women/70.jpg,$2b$12$Q1PUFjhN/AWRQ21LbGYvjeLpZZB6lfZ1BPwifHALGO6oIbyC3CmJe,Gun left international source address middle.,/static/images/warbler-hero.jpg,Amandamouth
marygarcia@osborn-ray.org,fisherrobert,https://randomuser.me/api/portraits/women/26.jpg,$2b$12$Q1PUFjhN/AWRQ21LbGYvjeLpZZB6lfZ1BPwifHALGO6oIbyC3CmJe,From natural environment.,/static/images/warbler-hero.jpg,Michaelside
sjordan@yahoo.com,petergarcia,https://randomuser.me/api/portraits/men/34.jpg,$2b$12$Q1PUFjhN/AWRQ21LbGYvjeLpZZB6lfZ1BPwifHALGO6oIbyC3CmJe,Create develop act fund.,/static/images/warbler-hero.jpg,North Vincentbury
graybrandi@yahoo.com,jason56,https://randomuser.me/api/portraits/women/52.jpg,$2b$12$Q1PUFjhN/AWRQ21LbGYvjeLpZZB6lfZ1BPwifHALGO6oIbyC3CmJe,Truth quite in.,/static/images/warbler-hero.jpg,Port Joshua
jamesgibbs@lynn.com,kimberly88,https://randomuser.me/api/portraits/men/23.jpg,$2b$12$Q1PUFjhN/AWRQ21LbGYvjeLpZZB6lfZ1BPwifHALGO6oIbyC3CmJe,Head upon series.,/static/images/warbler-hero.jpg,Jacksonmouth
okennedy@hotmail.com,xrice,https://randomuser.me/api/portraits/men/46.jpg,$2b$12$Q1PUFjhN/AWRQ21LbGYvjeLpZZB6lfZ1BPwifHALGO6oIbyC3CmJe,Relationship book rest teacher how say.,/static/images/warbler-hero.jpg,South Aarontown
walterwright@hotmail.com,bellchristine,https://randomuser.me/api/portraits/men/98.jpg,$2b$12$Q1PUFjhN/AWRQ21LbGYvjeLpZZB6lfZ1BPwifHALGO6oIbyC3CmJe,Brother woman same interview doctor.,/static/images/warbler-hero.jpg,East Alexbury
kellydonald@hotmail.com,michael61,https://randomuser.me/api/portraits/women/98.jpg,$2b$12$Q1PUFjhN/AWRQ21LbGYvjeLpZZB6lfZ1BPwifHALGO6oIbyC3CmJe,Expert prevent tell fall fall win exist.,/static/images/warbler-hero.jpg,Michaelport
ujones@yahoo.com,chelseygrant,https://randomuser.me/api/portraits/men/35.jpg,$2b$12$Q1PUFjhN/AWRQ21LbGYvjeLpZZB6lfZ1BPwifHALGO6oIbyC3CmJe,Consumer her one another ground suddenly already.,/static/images/warbler-hero.jpg,West Brandi
wilcoxwilliam@brown.com,portermichael,https://randomuser.me/api/portraits/women/10.jpg,$2b$12$Q1PUFjhN/AWRQ21LbGYvjeLpZZB6lfZ1BPwifHALGO6oIbyC3CmJe,Floor door real determine.,/static/images/warbler-hero.jpg,Timothyview
smithlaura@jackson.net,sgray,https://randomuser.me/api/portraits/men/97.jpg,$2b$12$Q1PUFjhN/AWRQ21LbGYvjeLpZZB6lfZ1BPwifHALGO6oIbyC3CmJe,Year commercial professional evening TV student.,/static/images/warbler-hero.jpg,Port Ronald
amy30@ellis.com,johnvargas,https://randomuser.me/api/portraits/men/77.jpg,$2b$12$Q1PUFjhN/AWRQ21LbGYvjeLpZZB6lfZ1BPwifHALGO6oIbyC3CmJe,Rise stop leg stage than.,/static/images/warbler-hero.jpg,Millerfurt
mezajulie@smith.net,ostark,https://randomuser.me/api/portraits/women/61.jpg,$2b$12$Q1PUFjhN/AWRQ21LbGYvjeLpZZB6lfZ1BPwifHALGO6oIbyC3CmJe,Think up approach smile necessary reach huge.,/static/images/warbler-hero.jpg,Port Cody
amandabrown@yahoo.com,kellyanne,https://randomuser.me/api/portraits/women/52.jpg,$2b$12$Q1PUFjhN/AWRQ21LbGYvjeLpZZB6lfZ1BPwifHALGO6oIbyC3CmJe,Usually participant world three.,/static/images/warbler-hero.jpg,Lake Veronica
brandy96@farmer-valdez.com,alyssa01,https://randomuser.me/api/portraits/men/81.jpg,$2b$12$Q1PUFjhN/AWRQ21LbGYvjeLpZZB6lfZ1BPwifHALGO6oIbyC3CmJe,Section table method.,/static/images/warbler-hero.jpg,South Christinaland
palmertonya@allen.com,irogers,https://randomuser.me/api/portraits/men/26.jpg,$2b$12$Q1PUFjhN/AWRQ21LbGYvjeLpZZB6lfZ1BPwifHALGO6oIbyC3CmJe,Within once national environmental.,/static/images/warbler-hero.jpg,Dianaside
lhayes@yahoo.com,rogersgene,https://randomuser.me/api/portraits/men/62.jpg,$2b$12$Q1PUFjhN/AWRQ21LbGYvjeLpZZB6lfZ1BPwifHALGO6oIbyC3CmJe,Hit music century environmental president toward.,/static/images/warbler-hero.jpg,East Joshuamouth
hamptonmegan@yahoo.com,dmoody,https://randomuser.me/api/portraits/women/66.jpg,$2b$12$Q1PUFjhN/AWRQ21LbGYvjeLpZZB6lfZ1BPwifHALGO6oIbyC3CmJe,Visit impact simply space four.,/static/images/warbler-hero.jpg,Edwardsfurt
robert97@gmail.com,dawncook,https://randomuser.me/api/portraits/women/22.jpg,$2b$12$Q1PUFjhN/AWRQ21LbGYvjeLpZZB6lfZ1BPwifHALGO6oIbyC3CmJe,As recognize be dark close water air.,/static/images/warbler-hero.jpg,Erikborough
brittneysoto@thomas.com,kimberlysnyder,https://randomuser.me/api/portraits/women/70.jpg,$2b$12$Q1PUFjhN/AWRQ21LbGYvjeLpZZB6lfZ1BPwifHALGO6oIbyC3CmJe,Employee audience business must Congress analysis then.,/static/images/warbler-hero.jpg,Port Elizabethmouth
laura23@wright-young.com,clarkjohn,https://randomuser.me/api/portraits/lego/9.jpg,$2b$12$Q1PUFjhN/AWRQ21LbGYvjeLpZZB6lfZ1BPwifHALGO6oIbyC3CmJe,Place may return guess teacher.,/static/images/warbler-hero.jpg,North Sara
thomasrichard@gmail.com,ctaylor,https://randomuser.me/api/portraits/men/57.jpg,$2b$12$Q1PUFjhN/AWRQ21LbGYvjeLpZZB6lfZ1BPwifHALGO6oIbyC3CmJe,Chance source cause direction your book street.,/static/images/warbler-hero.jpg,West Staceytown
scottgilbert@hendrix.com,amyrussell,https://randomuser.me/api/portraits/men/34.jpg,$2b$12$Q1PUFjhN/AWRQ21LbGYvjeLpZZB6lfZ1BPwifHALGO6oIbyC3CmJe,Professional herself town raise century senior wide.,/static/images/warbler-hero.jpg,Lake Steven
gonzalezamy@roberson.com,michaeljones,https://randomuser.me/api/portraits/women/64.jpg,$2b$12$Q1PUFjhN/AWRQ21LbGYvjeLpZZB6lfZ1BPwifHALGO6oIbyC3CmJe,Them cultural country share participant unit position.,/static/images/warbler-hero.jpg,Smithborough
richardsonmichael@sawyer.com,gdavis,https://randomuser.me/api/portraits/men/17.jpg,$2b$12$Q1PUFjhN/AWRQ21LbGYvjeLpZZB6lfZ1BPwifHALGO6oIbyC3CmJe,Even song soon several television paper wrong.,/static/images/warbler-hero.jpg,Lake Sarah
christopher51@pierce.com,danielle54,https://randomuser.me/api/portraits/men/80.jpg,$2b$12$Q1PUFjhN/AWRQ21LbGYvjeLpZZB6lfZ1BPwifHALGO6oIbyC3CmJe,Leg figure beautiful fight.,/static/images/warbler-hero.jpg,Chapmanhaven
hernandezbradley@king.com,rossjared,https://randomuser.me/api/portraits/women/57.jpg,$2b$12$Q1PUFjhN/AWRQ21LbGYvjeLpZZB6lfZ1BPwifHALGO6oIbyC3CmJe,Into well story town painting.,/static/images/warbler-hero.jpg,Gutierrezfort
davidsonrebekah@yahoo.com,timothy15,https://randomuser.me/api/portraits/lego/0.jpg,$2b$12$Q1PUFjhN/AWRQ21LbGYvjeLpZZB6lfZ1BPwifHALGO6oIbyC3CmJe,Ok ten should concern help official recognize.,/static/images/warbler-hero.jpg,Lisaborough
jenniferwashington@white.org,smithtracey,https://randomuser.me/api/portraits/women/85.jpg,$2b$12$Q1PUFjhN/AWRQ21LbGYvjeLpZZB6lfZ1BPwifHALGO6oIbyC3CmJe,Middle song hear cost although number.,/static/images/warbler-hero.jpg,Clayview
fosterdonald@yahoo.com,qedwards,https://randomuser.me/api/portraits/women/98.jpg,$2b$12$Q1PUFjhN/AWRQ21LbGYvjeLpZZB6lfZ1BPwifHALGO6oIbyC3CmJe,Plant trouble subject skin sort still.,/static/images/warbler-hero.jpg,Vasquezport
davisfrank@sullivan.info,kchavez,https://randomuser.me/api/portraits/men/98.jpg,$2b$12$Q1PUFjhN/AWRQ21LbGYvjeLpZZB6lfZ1BPwifHALGO6oIbyC3CmJe,Necessary week check.,/static/images/warbler-hero.jpg,Port Brandonport
flester@dunn.com,nicolas45,https://randomuser.me/api/portraits/men/26.jpg,$2b$12$Q1PUFjhN/AWRQ21LbGYvjeLpZZB6lfZ1BPwifHALGO6oIbyC3CmJe,Majority best gas reach team.,/static/images/warbler-hero.jpg,Miguelport
mendezmark@scott.com,kmccarty,https://randomuser.me/api/portraits/men/59.jpg,$2b$12$Q1PUFjhN/AWRQ21LbGYvjeLpZZB6lfZ1BPwifHALGO6oIbyC3CmJe,Their team commercial public executive.,/static/images/warbler-hero.jpg,Lake Michael
robinsoncharles@gmail.com,amanda23,https://randomuser.me/api/portraits/women/7.jpg,$2b$12$Q1PUFjhN/AWRQ21LbGYvjeLpZZB6lfZ1BPwifHALGO6oIbyC3CmJe,Establish right right research now generation.,/static/images/warbler-hero.jpg,Bellbury
comptonanne@yahoo.com,michael65,https://randomuser.me/api/portraits/lego/8.jpg,$2b$12$Q1PUFjhN/AWRQ21LbGYvjeLpZZB6lfZ1BPwifHALGO6oIbyC3CmJe,First level kid painting southern.,/static/images/warbler-hero.jpg,Port Amy
melissa63@robinson.net,poolematthew,https://randomuser.me/api/portraits/men/92.jpg,$2b$12$Q1PUFjhN/AWRQ21LbGYvjeLpZZB6lfZ1BPwifHALGO6oIbyC3CmJe,Town most go social our sure data them.,/static/images/warbler-hero.jpg,North Rachel
stewartjulia@gmail.com,rodriguezkimberly,https://randomuser.me/api/portraits/men/75.jpg,$2b$12$Q1PUFjhN/AWRQ21LbGYvjeLpZZB6lfZ1BPwifHALGO6oIbyC3CmJe,Every capital smile art.,/static/images/warbler-hero.jpg,Richardbury
xstevens@yahoo.com,williamgarcia,https://randomuser.me/api/portraits/men/77.jpg,$2b$12$Q1PUFjhN/AWRQ21LbGYvjeLpZZB6lfZ1BPwifHALGO6oIbyC3CmJe,Least message just effort campaign because.,/static/images/warbler-hero.jpg,Wrightmouth
thorntondaniel@yahoo.com,benjamin37,https://randomuser.me/api/portraits/women/76.jpg,$2b$12$Q1PUFjhN/AWRQ21LbGYvjeLpZZB6lfZ1BPwifHALGO6oIbyC3CmJe,Son join area always television house true.,/static/images/warbler-hero.jpg,Lake Elijah
peter09@yahoo.com,samuel87,https://randomuser.me/api/portraits/women/47.jpg,$2b$12$Q1PUFjhN/AWRQ21LbGYvjeLpZZB6lfZ1BPwifHALGO6oIbyC3CmJe,Author education perform will ability.,/static/images/warbler-hero.jpg,Lake Ryan
dannyaustin@villanueva.info,manuelmathis,https://randomuser.me/api/portraits/women/25.jpg,$2b$12$Q1PUFjhN/AWRQ21LbGYvjeLpZZB6lfZ1BPwifHALGO6oIbyC3CmJe,Game himself policy term or government.,/static/images/warbler-hero.jpg,New Carlos
rosetammy@yahoo.com,mfaulkner,https://randomuser.me/api/portraits/men/59.jpg,$2b$12$Q1PUFjhN/AWRQ21LbGYvjeLpZZB6lfZ1BPwifHALGO6oIbyC3CmJe,Million own black fish report very.,/static/images/warbler-hero.jpg,Hamiltonmouth
fgreen@david.com,quinndamon,https://randomuser.me/api/portraits/women/15.jpg,$2b$12$Q1PUFjhN/AWRQ21LbGYvjeLpZZB6lfZ1BPwifHALGO6oIbyC3CmJe,Five unit order now leg.,/static/images/warbler-hero.jpg,South Michael
jeff88@vega.com,robertsonrebecca,https://randomuser.me/api/portraits/women/4.jpg,$2b$12$Q1PUFjhN/AWRQ21LbGYvjeLpZZB6lfZ1BPwifHALGO6oIbyC3CmJe,Rule without move writer top.,/static/images/warbler-hero.jpg,North Hollymouth
ymitchell@gmail.com,cindycohen,https://randomuser.me/api/portraits/women/46.jpg,$2b$12$Q1PUFjhN/AWRQ21LbGYvjeLpZZB6lfZ1BPwifHALGO6oIbyC3CmJe,Become black white.,/static/images/warbler-hero.jpg,Hudsonburgh
melanieross@garcia.com,rodriguezmiguel,https://randomuser.me/api/portraits/women/73.jpg,$2b$12$Q1PUFjhN/AWRQ21LbGYvjeLpZZB6lfZ1BPwifHALGO6oIbyC3CmJe,Improve space final you fear magazine.,/static/images/warbler-hero.jpg,Lake Jessica
ronaldmoore@yahoo.com,sherry38,https://randomuser.me/api/portraits/men/49.jpg,$2b$12$Q1PUFjhN/AWRQ21LbGYvjeLpZZB6lfZ1BPwifHALGO6oIbyC3CmJe,Agree tough ability send person.,/static/images/warbler-hero.jpg,Lake Jacob
julia05@ryan.com,jeancampbell,https://randomuser.me/api/portraits/women/20.jpg,$2b$12$Q1PUFjhN/AWRQ21LbGYvjeLpZZB6lfZ1BPwifHALGO6oIbyC3CmJe,Floor kid various.,/static/images/warbler-hero.jpg,West Alexmouth
dbrown@gmail.com,kimberlymedina,https://randomuser.me/api/portraits/women/28.jpg,$2b$12$Q1PUFjhN/AWRQ21LbGYvjeLpZZB6lfZ1BPwifHALGO6oIbyC3CmJe,Ground occur physical fill science.,/static/images/warbler-hero.jpg,New Johnshire
johnsonjohn@gmail.com,jeffreyschroeder,https://randomuser.me/api/portraits/men/12.jpg,$2b$12$Q1PUFjhN/AWRQ21LbGYvjeLpZZB6lfZ1BPwifHALGO6oIbyC3CmJe,Yard apply subject may wear only less unit.,/static/images/warbler-hero.jpg,Virginiaton
billy61@gmail.com,isharp,https://randomuser.me/api/portraits/men/35.jpg,$2b$12$Q1PUFjhN/AWRQ21LbGYvjeLpZZB6lfZ1BPwifHALGO6oIbyC3CmJe,Ten much one laugh standard huge.,/static/images/warbler-hero.jpg,Lake Karabury
stricklandthomas@gmail.com,gday,https://randomuser.me/api/portraits/men/43.jpg,$2b$12$Q1PUFjhN/AWRQ21LbGYvjeLpZZB6lfZ1BPwifHALGO6oIbyC3CmJe,Short wait hit although street.,/static/images/warbler-hero.jpg,New Christopher
karenbates@hotmail.com,steelenatalie,https://randomuser.me/api/portraits/women/94.jpg,$2b$12$Q1PUFjhN/AWRQ21LbGYvjeLpZZB6lfZ1BPwifHALGO6oIbyC3CmJe,Tell almost kitchen part significant.,/static/images/warbler-hero.jpg,Lake Joseton
huffjonathan@moore.com,egraham,https://randomuser.me/api/portraits/women/57.jpg,$2b$12$Q1PUFjhN/AWRQ21LbGYvjeLpZZB6lfZ1BPwifHALGO6oIbyC3CmJe,Policy building lead down push.,/static/images/warbler-hero.jpg,East Melissa
wmacdonald@simmons.com,faulknerpaige,https://randomuser.me/api/portraits/men/59.jpg,$2b$12$Q1PUFjhN/AWRQ21LbGYvjeLpZZB6lfZ1BPwifHALGO6oIbyC3CmJe,Girl read form subject figure.,/static/images/warbler-hero.jpg,Myersmouth
cynthia61@king.com,kiarapowell,https://randomuser.me/api/portraits/women/24.jpg,$2b$12$Q1PUFjhN/AWRQ21LbGYvjeLpZZB6lfZ1BPwifHALGO6oIbyC3CmJe,Choose still travel visit small high officer.,/static/images/warbler-hero.jpg,North Kennethbury
brittney04@hotmail.com,bradleyarnold,https://randomuser.me/api/portraits/men/61.jpg,$2b$12$Q1PUFjhN/AWRQ21LbGYvjeLpZZB6lfZ1BPwifHALGO6oIbyC3CmJe,Sit for agree event believe focus child.,/static/images/warbler-hero.jpg,Cookstad
laurahall@yahoo.com,velasquezkevin,https://randomuser.me/api/portraits/men/19.jpg,$2b$12$Q1PUFjhN/AWRQ21LbGYvjeLpZZB6lfZ1BPwifHALGO6oIbyC3CmJe,Usually catch speech vote husband when.,/static/images/warbler-hero.jpg,Laurafurt
charlesevans@chavez.com,richardsdouglas,https://randomuser.me/api/portraits/men/14.jpg,$2b$12$Q1PUFjhN/AWRQ21LbGYvjeLpZZB6lfZ1BPwifHALGO6oIbyC3CmJe,Perform training media action edge market at.,/static/images/warbler-hero.jpg,Brownstad
leroy02@gmail.com,mirandawilliams,https://randomuser.me/api/portraits/lego/0.jpg,$2b$12$Q1PUFjhN/AWRQ21LbGYvjeLpZZB6lfZ1BPwifHALGO6oIbyC3CmJe,Pretty write the sound.,/static/images/warbler-hero.jpg,New Zacharychester
wgriffith@gutierrez-wilcox.info,vharvey,https://randomuser.me/api/portraits/men/19.jpg,$2b$12$Q1PUFjhN/AWRQ21LbGYvjeLpZZB6lfZ1BPwifHALGO6oIbyC3CmJe,Baby fight performance be.,/static/images/warbler-hero.jpg,West Christopher
bishopdaniel@gmail.com,jbenton,https://randomuser.me/api/portraits/men/23.jpg,$2b$12$Q1PUFjhN/AWRQ21LbGYvjeLpZZB6lfZ1BPwifHALGO6oIbyC3CmJe,Behavior most marriage with.,/static/images/warbler-hero.jpg,Robinsonborough
malexander@chang-wong.com,qjordan,https://randomuser.me/api/portraits/men/8.jpg,$2b$12$Q1PUFjhN/AWRQ21LbGYvjeLpZZB6lfZ1BPwifHALGO6oIbyC3CmJe,Total within data three serve.,/static/images/warbler-hero.jpg,South Mary
reynoldsmelissa@gmail.com,summergriffith,https://randomuser.me/api/portraits/women/79.jpg,$2b$12$Q1PUFjhN/AWRQ21LbGYvjeLpZZB6lfZ1BPwifHALGO6oIbyC3CmJe,Apply meeting eye beautiful shake top.,/static/images/warbler-hero.jpg,Fernandezmouth
dlane@wilson-nixon.biz,cathy17,https://randomuser.me/api/portraits/men/51.jpg,$2b$12$Q1PUFjhN/AWRQ21LbGYvjeLpZZB6lfZ1BPwifHALGO6oIbyC3CmJe,Can research here pull.,/static/images/warbler-hero.jpg,Scottshire
tcoleman@yahoo.com,pamela33,https://randomuser.me/api/portraits/lego/4.jpg,$2b$12$Q1PUFjhN/AWRQ21LbGYvjeLpZZB6lfZ1BPwifHALGO6oIbyC3CmJe,Financial if third manager lay fire game husband.,/static/images/warbler-hero.jpg,Danielchester
danielhaynes@gmail.com,evelyn26,https://randomuser.me/api/portraits/women/59.jpg,$2b$12$Q1PUFjhN/AWRQ21LbGYvjeLpZZB6lfZ1BPwifHALGO6oIbyC3CmJe,Wide stock forward big hold both scientist.,/static/images/warbler-hero.jpg,North Hayden
martinmartha@hotmail.com,paul59,https://randomuser.me/api/portraits/women/73.jpg,$2b$12$Q1PUFjhN/AWRQ21LbGYvjeLpZZB6lfZ1BPwifHALGO6oIbyC3CmJe,Because method ahead point more tough yes.,/static/images/warbler-hero.jpg,Charlesside
katherinemendoza@simpson.com,pricechelsea,https://randomuser.me/api/portraits/men/32.jpg,$2b$12$Q1PUFjhN/AWRQ21LbGYvjeLpZZB6lfZ1BPwifHALGO6oIbyC3CmJe,However identify civil.,/static/images/warbler-hero.jpg,Myerstown
deleonbrittany@hotmail.com,hollandalex,https://randomuser.me/api/portraits/women/4.jpg,$2b$12$Q1PUFjhN/AWRQ21LbGYvjeLpZZB6lfZ1BPwifHALGO6oIbyC3CmJe,Else chair myself pass body today.,/static/images/warbler-hero.jpg,Morrisville
millssteven@mercado-lane.com,dlee,https://randomuser.me/api/portraits/men/7.jpg,$2b$12$Q1PUFjhN/AWRQ21LbGYvjeLpZZB6lfZ1BPwifHALGO6oIbyC3CmJe,Whose business poor establish.,/static/images/warbler-hero.jpg,Huangchester
michelle97@wilson.com,daniel73,https://randomuser.me/api/portraits/women/48.jpg,$2b$12$Q1PUFjhN/AWRQ21LbGYvjeLpZZB6lfZ1BPwifHALGO6oIbyC3CmJe,Have behind free own behind deep.,/static/images/warbler-hero.jpg,Kristinmouth
lwells@barrera.biz,frank29,https://randomuser.me/api/portraits/women/54.jpg,$2b$12$Q1PUFjhN/AWRQ21LbGYvjeLpZZB6lfZ1BPwifHALGO6oIbyC3CmJe,System different sound speak.,/static/images/warbler-hero.jpg,Lake Kelly
paulramos@lopez.com,scottjoshua,https://randomuser.me/api/portraits/women/41.jpg,$2b$12$Q1PUFjhN/AWRQ21LbGYvjeLpZZB6lfZ1BPwifHALGO6oIbyC3CmJe,With so a often.,/static/images/warbler-hero.jpg,Port Karenport
lisa86@yahoo.com,cunninghamkevin,https://randomuser.me/api/portraits/women/21.jpg,$2b$12$Q1PUFjhN/AWRQ21LbGYvjeLpZZB6lfZ1BPwifHALGO6oIbyC3CmJe,Be store reason direction side.,/static/images/warbler-hero.jpg,Kerrmouth
abush@yahoo.com,usmith,https://randomuser.me/api/portraits/women/97.jpg,$2b$12$Q1PUFjhN/AWRQ21LbGYvjeLpZZB6lfZ1BPwifHALGO6oIbyC3CmJe,Cut down sea scientist Republican court.,/static/images/warbler-hero.jpg,Heathermouth
samantha99@noble-miller.com,kinglarry,https://randomuser.me/api/portraits/men/10.jpg,$2b$12$Q1PUFjhN/AWRQ21LbGYvjeLpZZB6lfZ1BPwifHALGO6oIbyC3CmJe,Seem little interesting.,/static/images/warbler-hero.jpg,East Erin
wwilliams@hotmail.com,jefferyhughes,https://randomuser.me/api/portraits/men/5.jpg,$2b$12$Q1PUFjhN/AWRQ21LbGYvjeLpZZB6lfZ1BPwifHALGO6oIbyC3CmJe,Experience special measure rather man town.,/static/images/warbler-hero.jpg,Benjamintown
davissamantha@miles-nguyen.com,hawkinschristopher,https://randomuser.me/api/portraits/men/44.jpg,$2b$12$Q1PUFjhN/AWRQ21LbGYvjeLpZZB6lfZ1BPwifHALGO6oIbyC3CmJe,Affect environmental compare yeah sit various campaign.,/static/images/warbler-hero.jpg,Port Malikbury
andrewmorgan@hotmail.com,susan10,https://randomuser.me/api/portraits/men/93.jpg,$2b$12$Q1PUFjhN/AWRQ21LbGYvjeLpZZB6lfZ1BPwifHALGO6oIbyC3CmJe,Goal do cold mind never message friend.,/static/images/warbler-hero.jpg,West Jenniferberg
stevensonterri@hotmail.com,davidgreen,https://randomuser.me/api/portraits/men/35.jpg,$2b$12$Q1PUFjhN/AWRQ21LbGYvjeLpZZB6lfZ1BPwifHALGO6oIbyC3CmJe,Never information the group full top.,/static/images/warbler-hero.jpg,Paulview
courtneyavery@gmail.com,ojohnson,https://randomuser.me/api/portraits/women/76.jpg,$2b$12$Q1PUFjhN/AWRQ21LbGYvjeLpZZB6lfZ1BPwifHALGO6oIbyC3CmJe,Worry strategy begin somebody democratic.,/static/images/warbler-hero.jpg,East Theresashire
danielle48@edwards-casey.com,laurareyes,https://randomuser.me/api/portraits/men/76.jpg,$2b$12$Q1PUFjhN/AWRQ21LbGYvjeLpZZB6lfZ1BPwifHALGO6oIbyC3CmJe,Risk range realize heart help me guess its.,/static/images/warbler-hero.jpg,East Margaretfort
robin91@carlson-santos.com,dcochran,https://randomuser.me/api/portraits/men/4.jpg,$2b$12$Q1PUFjhN/AWRQ21LbGYvjeLpZZB6lfZ1BPwifHALGO6oIbyC3CmJe,Month include certainly possible program.,/static/images/warbler-hero.jpg,Malikmouth
williamsblake@newman.com,michelle85,https://randomuser.me/api/portraits/men/40.jpg,$2b$12$Q1PUFjhN/AWRQ21LbGYvjeLpZZB6lfZ1BPwifHALGO6oIbyC3CmJe,Consider now teacher risk.,/static/images/warbler-hero.jpg,Edwardsshire
parkerpaula@yahoo.com,sarah39,https://randomuser.me/api/portraits/men/61.jpg,$2b$12$Q1PUFjhN/AWRQ21LbGYvjeLpZZB6lfZ1BPwifHALGO6oIbyC3CmJe,Compare firm total our story.,/static/images/warbler-hero.jpg,Vasquezburgh
tmurray@allen.com,kirkcarl,https://randomuser.me/api/portraits/men/99.jpg,$2b$12$Q1PUFjhN/AWRQ21LbGYvjeLpZZB6lfZ1BPwifHALGO6oIbyC3CmJe,Century need other into agreement.,/static/images/warbler-hero.jpg,Morrisberg
stephanie20@farmer.org,joshua19,https://randomuser.me/api/portraits/women/64.jpg,$2b$12$Q1PUFjhN/AWRQ21LbGYvjeLpZZB6lfZ1BPwifHALGO6oIbyC3CmJe,Themselves step whole sing room place.,/static/images/warbler-hero.jpg,East Kimberlyberg
elynch@barnett.com,melanie36,https://randomuser.me/api/portraits/men/57.jpg,$2b$12$Q1PUFjhN/AWRQ21LbGYvjeLpZZB6lfZ1BPwifHALGO6oIbyC3CmJe,Move interesting chance alone risk.,/static/images/warbler-hero.jpg,Vazquezview
sabrina30@gmail.com,trujillojennifer,https://randomuser.me/api/portraits/women/94.jpg,$2b$12$Q1PUFjhN/AWRQ21LbGYvjeLpZZB6lfZ1BPwifHALGO6oIbyC3CmJe,Choice matter table summer.,/static/images/warbler-hero.jpg,Johnside
michaelhernandez@yahoo.com,cmata,https://randomuser.me/api/portraits/men/94.jpg,$2b$12$Q1PUFjhN/AWRQ21LbGYvjeLpZZB6lfZ1BPwifHALGO6oIbyC3CmJe,Drug know recognize indeed stage experience do simple.,/static/images/warbler-hero.jpg,South Veronica
hoffmankimberly@hotmail.com,stuartdenise,https://randomuser.me/api/portraits/men/89.jpg,$2b$12$Q1PUFjhN/AWRQ21LbGYvjeLpZZB6lfZ1BPwifHALGO6oIbyC3CmJe,Participant baby over would join finally little whom.,/static/images/warbler-hero.jpg,West Michael
otorres@gmail.com,zmorgan,https://randomuser.me/api/portraits/women/29.jpg,$2b$12$Q1PUFjhN/AWRQ21LbGYvjeLpZZB6lfZ1BPwifHALGO6oIbyC3CmJe,Along system every move role information student rate.,/static/images/warbler-hero.jpg,Lake Bobmouth
barnettmichael@torres.com,ksanders,https://randomuser.me/api/portraits/women/15.jpg,$2b$12$Q1PUFjhN/AWRQ21LbGYvjeLpZZB6lfZ1BPwifHALGO6oIbyC3CmJe,Participant court responsibility the water short reflect available.,/static/images/warbler-hero.jpg,Markberg
fbuchanan@byrd-alexander.com,paul55,https://randomuser.me/api/portraits/women/17.jpg,$2b$12$Q1PUFjhN/AWRQ21LbGYvjeLpZZB6lfZ1BPwifHALGO6oIbyC3CmJe,Rise worker quite nor look.,/static/images/warbler-hero.jpg,Michelefort
timothy18@hotmail.com,wcannon,https://randomuser.me/api/portraits/men/74.jpg,$2b$12$Q1PUFjhN/AWRQ21LbGYvjeLpZZB6lfZ1BPwifHALGO6oIbyC3CmJe,Arrive care start team point marriage heart.,/static/images/warbler-hero.jpg,Williamsshire
debrabrewer@garcia.org,moodytracy,https://randomuser.me/api/portraits/men/55.jpg,$2b$12$Q1PUFjhN/AWRQ21LbGYvjeLpZZB6lfZ1BPwifHALGO6oIbyC3CmJe,If good policy car away image save.,/static/images/warbler-hero.jpg,Whiteshire
phillipsjean@stout.com,erika28,https://randomuser.me/api/portraits/lego/2.jpg,$2b$12$Q1PUFjhN/AWRQ21LbGYvjeLpZZB6lfZ1BPwifHALGO6oIbyC3CmJe,Culture have computer future gas fall never fact.,/static/images/warbler-hero.jpg,East Kevinfort
wmiller@hotmail.com,pkeller,https://randomuser.me/api/portraits/women/89.jpg,$2b$12$Q1PUFjhN/AWRQ21LbGYvjeLpZZB6lfZ1BPwifHALGO6oIbyC3CmJe,Capital fly task guess per card.,/static/images/warbler-hero.jpg,New Stephanie
pamelajenkins@jacobson-carlson.org,acooke,https://randomuser.me/api/portraits/men/42.jpg,$2b$12$Q1PUFjhN/AWRQ21LbGYvjeLpZZB6lfZ1BPwifHALGO6oIbyC3CmJe,Hair sport house blue director.,/static/images/warbler-hero.jpg,North Megan
bperez@moore.com,reesetammy,https://randomuser.me/api/portraits/women/52.jpg,$2b$12$Q1PUFjhN/AWRQ21LbGYvjeLpZZB6lfZ1BPwifHALGO6oIbyC3CmJe,Such probably onto key power deep nice race.,/static/images/warbler-hero.jpg,Dawnton
joel44@yahoo.com,johnmiller,https://randomuser.me/api/portraits/lego/8.jpg,$2b$12$Q1PUFjhN/AWRQ21LbGYvjeLpZZB6lfZ1BPwifHALGO6oIbyC3CmJe,Inside suddenly stay black green through.,/static/images/warbler-hero.jpg,North Bobby
bedwards@morris.com,stacey55,https://randomuser.me/api/portraits/men/3.jpg,$2b$12$Q1PUFjhN/AWRQ21LbGYvjeLpZZB6lfZ1BPwifHALGO6oIbyC3CmJe,Them produce carry consider bank even.,/static/images/warbler-hero.jpg,Rogerstown
kylemaldonado@yahoo.com,yatesjacob,https://randomuser.me/api/portraits/men/90.jpg,$2b$12$Q1PUFjhN/AWRQ21LbGYvjeLpZZB6lfZ1BPwifHALGO6oIbyC3CmJe,Network board magazine behavior.,/static/images/warbler-hero.jpg,South Ronaldhaven
edward85@schwartz.com,gina40,https://randomuser.me/api/portraits/women/44.jpg,$2b$12$Q1PUFjhN/AWRQ21LbGYvjeLpZZB6lfZ1BPwifHALGO6oIbyC3CmJe,Who instead argue sign bed.,/static/images/warbler-hero.jpg,South Laceyville
howardjennifer@mccullough.com,jturner,https://randomuser.me/api/portraits/women/63.jpg,$2b$12$Q1PUFjhN/AWRQ21LbGYvjeLpZZB6lfZ1BPwifHALGO6oIbyC3CmJe,Model system history dog again head alone.,/static/images/warbler-hero.jpg,Mccoyton
murphyjason@gmail.com,samanthacruz,https://randomuser.me/api/portraits/women/82.jpg,$2b$12$Q1PUFjhN/AWRQ21LbGYvjeLpZZB6lfZ1BPwifHALGO6oIbyC3CmJe,Pull bill walk attack move data.,/static/images/warbler-hero.jpg,East Tanya
ralph85@yahoo.com,joshuabyrd,https://randomuser.me/api/portraits/men/26.jpg,$2b$12$Q1PUFjhN/AWRQ21LbGYvjeLpZZB6lfZ1BPwifHALGO6oIbyC3CmJe,Case anyone member personal.,/static/images/warbler-hero.jpg,Reyesburgh
hsmith@hotmail.com,christopher53,https://randomuser.me/api/portraits/men/36.jpg,$2b$12$Q1PUFjhN/AWRQ21LbGYvjeLpZZB6lfZ1BPwifHALGO6oIbyC3CmJe,Need condition image state.,/static/images/warbler-hero.jpg,West Devinville
taylor07@hotmail.com,lorikaiser,https://randomuser.me/api/portraits/women/6.jpg,$2b$12$Q1PUFjhN/AWRQ21LbGYvjeLpZZB6lfZ1BPwifHALGO6oIbyC3CmJe,Never ready feeling half hope evidence because.,/static/images/warbler-hero.jpg,Briggsborough
zmoore@yahoo.com,joshua97,https://randomuser.me/api/portraits/men/77.jpg,$2b$12$Q1PUFjhN/AWRQ21LbGYvjeLpZZB6lfZ1BPwifHALGO6oIbyC3CmJe,Space fast away provide top task concern.,/static/images/warbler-hero.jpg,South Shawn
andreahayes@gmail.com,randolphstephanie,https://randomuser.me/api/portraits/women/84.jpg,$2b$12$Q1PUFjhN/AWRQ21LbGYvjeLpZZB6lfZ1BPwifHALGO6oIbyC3CmJe,Force several section anyone hit Republican.,/static/images/warbler-hero.jpg,Jodybury
wsmith@porter.info,fsmith,https://randomuser.me/api/portraits/women/7.jpg,$2b$12$Q1PUFjhN/AWRQ21LbGYvjeLpZZB6lfZ1BPwifHALGO6oIbyC3CmJe,Return public now difficult even less.,/static/images/warbler-hero.jpg,Stevensonton
daniel41@ortega.com,smithrose,https://randomuser.me/api/portraits/women/0.jpg,$2b$12$Q1PUFjhN/AWRQ21LbGYvjeLpZZB6lfZ1BPwifHALGO6oIbyC3CmJe,It seat support nor focus into perhaps.,/static/images/warbler-hero.jpg,New Roberto
aaron69@yahoo.com,christopher71,https://randomuser.me/api/portraits/men/0.jpg,$2b$12$Q1PUFjhN/AWRQ21LbGYvjeLpZZB6lfZ1BPwifHALGO6oIbyC3CmJe,Before education image order system bag.,/static/images/warbler-hero.jpg,New Edward
taylorrichard@smith-vargas.com,vhamilton,https://randomuser.me/api/portraits/men/67.jpg,$2b$12$Q1PUFjhN/AWRQ21LbGYvjeLpZZB6lfZ1BPwifHALGO6oIbyC3CmJe,Clear material action edge must.,/static/images/warbler-hero.jpg,East Austin
moniquechavez@brown.com,lukemorris,https://randomuser.me/api/portraits/women/35.jpg,$2b$12$Q1PUFjhN/AWRQ21LbGYvjeLpZZB6lfZ1BPwifHALGO6oIbyC3CmJe,Return nor ask response sing peace training.,/static/images/warbler-hero.jpg,Mariahville
andrea77@gmail.com,alexis40,https://randomuser.me/api/portraits/women/25.jpg,$2b$12$Q1PUFjhN/AWRQ21LbGYvjeLpZZB6lfZ1BPwifHALGO6oIbyC3CmJe,Stay without also fear discussion.,/static/images/warbler-hero.jpg,New Brianbury
pburgess@yahoo.com,evansmartha,https://randomuser.me/api/portraits/women/39.jpg,$2b$12$Q1PUFjhN/AWRQ21LbGYvjeLpZZB6lfZ1BPwifHALGO6oIbyC3CmJe,Especially three really such feel around.,/static/images/warbler-hero.jpg,Port Melissaborough
mark62@gmail.com,michaelflores,https://randomuser.me/api/portraits/women/78.jpg,$2b$12$Q1PUFjhN/AWRQ21LbGYvjeLpZZB6lfZ1BPwifHALGO6oIbyC3CmJe,Camera create south future vote skin how yeah.,/static/images/warbler-hero.jpg,Collinhaven
millerjeffrey@gmail.com,tannermark,https://randomuser.me/api/portraits/women/53.jpg,$2b$12$Q1PUFjhN/AWRQ21LbGYvjeLpZZB6lfZ1BPwifHALGO6oIbyC3CmJe,Agree possible arm suggest open affect movement ball.,/static/images/warbler-hero.jpg,Emilyburgh
brentgrimes@moore.com,hollyjones,https://randomuser.me/api/portraits/men/2.jpg,$2b$12$Q1PUFjhN/AWRQ21LbGYvjeLpZZB6lfZ1BPwifHALGO6oIbyC3CmJe,Big research society writer new.,/static/images/warbler-hero.jpg,New Leeview
deborah37@gmail.com,xbarton,https://randomuser.me/api/portraits/women/81.jpg,$2b$12$Q1PUFjhN/AWRQ21LbGYvjeLpZZB6lfZ1BPwifHALGO6oIbyC3CmJe,Kitchen moment friend environment success same specific.,/static/images/warbler-hero.jpg,South Tamara
youngmary@rivas-wu.info,petersenjo,https://randomuser.me/api/portraits/men/82.jpg,$2b$12$Q1PUFjhN/AWRQ21LbGYvjeLpZZB6lfZ1BPwifHALGO6oIbyC3CmJe,Image kitchen my whatever.,/static/images/warbler-hero.jpg,Kellyberg
rhodeskaitlyn@barnes.net,josephwright,https://randomuser.me/api/portraits/women/97.jpg,$2b$12$Q1PUFjhN/AWRQ21LbGYvjeLpZZB6lfZ1BPwifHALGO6oIbyC3CmJe,Back up beyond star tax together.,/static/images/warbler-hero.jpg,Kristinamouth
scottashley@gmail.com,lfreeman,https://randomuser.me/api/portraits/men/24.jpg,$2b$12$Q1PUFjhN/AWRQ21LbGYvjeLpZZB6lfZ1BPwifHALGO6oIbyC3CmJe,Continue hotel soon and item phone.,/static/images/warbler-hero.jpg,North Herbertshire
gbruce@shepherd.com,sanchezvictoria,https://randomuser.me/api/portraits/women/57.jpg,$2b$12$Q1PUFjhN/AWRQ21LbGYvjeLpZZB6lfZ1BPwifHALGO6oIbyC3CmJe,Both statement laugh by.,/static/images/warbler-hero.jpg,Johnsonfort
susan35@petersen.com,cristinahernandez,https://randomuser.me/api/portraits/men/77.jpg,$2b$12$Q1PUFjhN/AWRQ21LbGYvjeLpZZB6lfZ1BPwifHALGO6oIbyC3CmJe,Course agreement probably attention eight general.,/static/images/warbler-hero.jpg,Tinaborough
krystal18@gmail.com,michael21,https://randomuser.me/api/portraits/women/79.jpg,$2b$12$Q1PUFjhN/AWRQ21LbGYvjeLpZZB6lfZ1BPwifHALGO6oIbyC3CmJe,On animal modern especially pull get.,/static/images/warbler-hero.jpg,Port Daniel
williamsandrew@hotmail.com,diaznathan,https://randomuser.me/api/portraits/lego/9.jpg,$2b$12$Q1PUFjhN/AWRQ21LbGYvjeLpZZB6lfZ1BPwifHALGO6oIbyC3CmJe,Open ability activity process establish stand already.,/static/images/warbler-hero.jpg,New Christopherborough
kyliegarcia@montgomery.org,garycole,https://randomuser.me/api/portraits/men/99.jpg,$2b$12$Q1PUFjhN/AWRQ21LbGYvjeLpZZB6lfZ1BPwifHALGO6oIbyC3CmJe,Question pass heart my goal them.,/static/images/warbler-hero.jpg,Grossport
wattslauren@watts-wright.com,andrewmorris,https://randomuser.me/api/portraits/men/7.jpg,$2b$12$Q1PUFjhN/AWRQ21LbGYvjeLpZZB6lfZ1BPwifHALGO6oIbyC3CmJe,Expert when use him there trouble.,/static/images/warbler-hero.jpg,Lake Robert
molly60@gardner-jordan.com,jaclynellison,https://randomuser.me/api/portraits/men/66.jpg,$2b$12$Q1PUFjhN/AWRQ21LbGYvjeLpZZB6lfZ1BPwifHALGO6oIbyC3CmJe,Century under campaign.,/static/images/warbler-hero.jpg,Port Katrinafurt
anthony78@yahoo.com,jennifer94,https://randomuser.me/api/portraits/women/87.jpg,$2b$12$Q1PUFjhN/AWRQ21LbGYvjeLpZZB6lfZ1BPwifHALGO6oIbyC3CmJe,Magazine to event year cause message stuff.,/static/images/warbler-hero.jpg,South Latasha
kristopherbanks@gmail.com,werneremily,https://randomuser.me/api/portraits/men/12.jpg,$2b$12$Q1PUFjhN/AWRQ21LbGYvjeLpZZB6lfZ1BPwifHALGO6oIbyC3CmJe,Social company light attack remember.,/static/images/warbler-hero.jpg,Nancyfort
jasonjohnson@terrell.com,johnwells,https://randomuser.me/api/portraits/men/23.jpg,$2b$12$Q1PUFjhN/AWRQ21LbGYvjeLpZZB6lfZ1BPwifHALGO6oIbyC3CmJe,Debate seat finish subject south policy green authority.,/static/images/warbler-hero.jpg,North Donaldmouth
markadams@hernandez-hill.info,qlee,https://randomuser.me/api/portraits/women/30.jpg,$2b$12$Q1PUFjhN/AWRQ21LbGYvjeLpZZB6lfZ1BPwifHALGO6oIbyC3CmJe,Imagine would open send security quite.,/static/images/warbler-hero.jpg,Stephanietown
robinsondrew@gonzalez-boyer.com,theresaburgess,https://randomuser.me/api/portraits/men/51.jpg,$2b$12$Q1PUFjhN/AWRQ21LbGYvjeLpZZB6lfZ1BPwifHALGO6oIbyC3CmJe,Major national chair at.,/static/images/warbler-hero.jpg,Port Samuelfort
alexiskelley@yahoo.com,lgreer,https://randomuser.me/api/portraits/men/38.jpg,$2b$12$Q1PUFjhN/AWRQ21LbGYvjeLpZZB6lfZ1BPwifHALGO6oIbyC3CmJe,Sport capital since behind world firm.,/static/images/warbler-hero.jpg,Yangborough
jeffrey00@ramirez.com,blakeroberson,https://randomuser.me/api/portraits/men/73.jpg,$2b$12$Q1PUFjhN/AWRQ21LbGYvjeLpZZB6lfZ1BPwifHALGO6oIbyC3CmJe,Have market kid.,/static/images/warbler-hero.jpg,Murrayburgh
qbooth@hotmail.com,alexander63,https://randomuser.me/api/portraits/women/9.jpg,$2b$12$Q1PUFjhN/AWRQ21LbGYvjeLpZZB6lfZ1BPwifHALGO6oIbyC3CmJe,Game interesting wind game staff Mr picture purpose.,/static/images/warbler-hero.jpg,Ericton
avazquez@gmail.com,jennifervang,https://randomuser.me/api/portraits/women/21.jpg,$2b$12$Q1PUFjhN/AWRQ21LbGYvjeLpZZB6lfZ1BPwifHALGO6oIbyC3CmJe,Leave difference off whole design those look.,/static/images/warbler-hero.jpg,Christopherstad
cookchristine@anderson-murphy.com,blakepoole,https://randomuser.me/api/portraits/men/43.jpg,$2b$12$Q1PUFjhN/AWRQ21LbGYvjeLpZZB6lfZ1BPwifHALGO6oIbyC3CmJe,Size hotel performance look process player.,/static/images/warbler-hero.jpg,Lake Scott
christopherchan@hotmail.com,seanprice,https://randomuser.me/api/portraits/women/2.jpg,$2b$12$Q1PUFjhN/AWRQ21LbGYvjeLpZZB6lfZ1BPwifHALGO6oIbyC3CmJe,Even answer whether around me general move animal.,/static/images/warbler-hero.jpg,Aprilside
gaguilar@yahoo.com,michaelsims,https://randomuser.me/api/portraits/men/24.jpg,$2b$12$Q1PUFjhN/AWRQ21LbGYvjeLpZZB6lfZ1BPwifHALGO6oIbyC3CmJe,Majority his everybody.,/static/images/warbler-hero.jpg,Bakerfurt
shanesteele@anderson-reynolds.com,garzachristopher,https://randomuser.me/api/portraits/men/15.jpg,$2b$12$Q1PUFjhN/AWRQ21LbGYvjeLpZZB6lfZ1BPwifHALGO6oIbyC3CmJe,National few road wall democratic nation series.,/static/images/warbler-hero.jpg,Port Crystalhaven
larrycohen@yahoo.com,kramereric,https://randomuser.me/api/portraits/men/28.jpg,$2b$12$Q1PUFjhN/AWRQ21LbGYvjeLpZZB6lfZ1BPwifHALGO6oIbyC3CmJe,Still prepare seem data carry they southern.,/static/images/warbler-hero.jpg,East Amy
ntrevino@martinez.com,zward,https://randomuser.me/api/portraits/men/33.jpg,$2b$12$Q1PUFjhN/AWRQ21LbGYvjeLpZZB6lfZ1BPwifHALGO6oIbyC3CmJe,Rock tend benefit oil require spend her finally.,/static/images/warbler-hero.jpg,South Philip
pjohnson@gmail.com,erichorn,https://randomuser.me/api/portraits/men/43.jpg,$2b$12$Q1PUFjhN/AWRQ21LbGYvjeLpZZB6lfZ1BPwifHALGO6oIbyC3CmJe,Yard address degree present clear management.,/static/images/warbler-hero.jpg,East Michaelhaven
jasonatkins@yates-james.com,moorerandy,https://randomuser.me/api/portraits/women/75.jpg,$2b$12$Q1PUFjhN/AWRQ21LbGYvjeLpZZB6lfZ1BPwifHALGO6oIbyC3CmJe,Away theory consumer how until kitchen.,/static/images/warbler-hero.jpg,East Nicolas
tiffanygarcia@hotmail.com,clewis,https://randomuser.me/api/portraits/men/98.jpg,$2b$12$Q1PUFjhN/AWRQ21LbGYvjeLpZZB6lfZ1BPwifHALGO6oIbyC3CmJe,Technology rule together similar week walk.,/static/images/warbler-hero.jpg,Turnerburgh
danielnewman@hotmail.com,michelle82,https://randomuser.me/api/portraits/lego/4.jpg,$2b$12$Q1PUFjhN/AWRQ21LbGYvjeLpZZB6lfZ1BPwifHALGO6oIbyC3CmJe,Reason recently owner work significant personal.,/static/images/warbler-hero.jpg,Port Erinhaven
daniel13@jordan.com,gregory24,https://randomuser.me/api/portraits/women/93.jpg,$2b$12$Q1PUFjhN/AWRQ21LbGYvjeLpZZB6lfZ1BPwifHALGO6oIbyC3CmJe,Financial direction dream debate too.,/static/images/warbler-hero.jpg,Phillipsview
ldickerson@banks.com,valerie33,https://randomuser.me/api/portraits/men/10.jpg,$2b$12$Q1PUFjhN/AWRQ21LbGYvjeLpZZB6lfZ1BPwifHALGO6oIbyC3CmJe,Interesting there well specific drive finish.,/static/images/warbler-hero.jpg,Waynemouth
tjohnson@ross-hess.com,joannehall,https://randomuser.me/api/portraits/men/52.jpg,$2b$12$Q1PUFjhN/AWRQ21LbGYvjeLpZZB6lfZ1BPwifHALGO6oIbyC3CmJe,Range difficult site seek.,/static/images/warbler-hero.jpg,East Ricardoshire
ashley08@neal.com,roberta83,https://randomuser.me/api/portraits/women/96.jpg,$2b$12$Q1PUFjhN/AWRQ21LbGYvjeLpZZB6lfZ1BPwifHALGO6oIbyC3CmJe,Enter machine ahead high.,/static/images/warbler-hero.jpg,North Stephanieberg
jacobsnow@hotmail.com,steven82,https://randomuser.me/api/portraits/women/95.jpg,$2b$12$Q1PUFjhN/AWRQ21LbGYvjeLpZZB6lfZ1BPwifHALGO6oIbyC3CmJe,Skill option experience.,/static/images/warbler-hero.jpg,Audreyhaven
igomez@yahoo.com,mary58,https://randomuser.me/api/portraits/men/26.jpg,$2b$12$Q1PUFjhN/AWRQ21LbGYvjeLpZZB6lfZ1BPwifHALGO6oIbyC3CmJe,Minute economy recognize as company such myself.,/static/images/warbler-hero.jpg,New Donnahaven
ayalathomas@smith.info,mjackson,https://randomuser.me/api/portraits/men/69.jpg,$2b$12$Q1PUFjhN/AWRQ21LbGYvjeLpZZB6lfZ1BPwifHALGO6oIbyC3CmJe,Low send little young weight let image speech.,/static/images/warbler-hero.jpg,West Anitaville
georgejon@baker.com,antonio78,https://randomuser.me/api/portraits/women/41.jpg,$2b$12$Q1PUFjhN/AWRQ21LbGYvjeLpZZB6lfZ1BPwifHALGO6oIbyC3CmJe,Action true water another.,/static/images/warbler-hero.jpg,East George
rodriguezkaren@gmail.com,william80,https://randomuser.me/api/portraits/men/73.jpg,$2b$12$Q1PUFjhN/AWRQ21LbGYvjeLpZZB6lfZ1BPwifHALGO6oIbyC3CmJe,Event law town environment life remember model.,/static/images/warbler-hero.jpg,East Melinda